STN,E,N
1,1011.92138,993.355558
2,1008.149326,981.392133
3,1002.781106,979.257667
4,991.838034,985.356844
5,999.999481,1000.000016
